number,description,dimensions,product_number
1191F1S,Accent Chair,26 x 23 x 30H,1191F1S
1191F2S,Accent Chair,26 x 23 x 30H,1191F2S
1191F3S,Accent Chair,26 x 23 x 30H,1191F3S
1191F4S,Accent Chair,26 x 23 x 30H,1191F4S
1191F5S,Accent Chair,26 x 23 x 30H,1191F5S
1191F6S,Accent Chair,26 x 23 x 30H,1191F6S
1192BE,"Accent Chair, Beige",31 x 30.5 x 31.5H,1192BE
1192BL,"Accent Chair, Blue",31 x 30.5 x 31.5H,1192BL
1192GY,"Accent Chair, Gray",31 x 30.5 x 31.5H,1192GY
1192RN,"Accent Chair, Orange",31 x 30.5 x 31.5H,1192RN
1193F1S,Accent Chair,31.5 x 30.75 x 32.75H,1193F1S
1193F2S,Accent Chair,31.5 x 30.75 x 32.75H,1193F2S
1193F3S,Accent Chair,31.5 x 30.75 x 32.75H,1193F3S
1193F4S,Accent Chair,31.5 x 30.75 x 32.75H,1193F4S
1193F5S,Accent Chair,31.5 x 30.75 x 32.75H,1193F5S
1193F6S,Accent Chair,31.5 x 30.75 x 32.75H,1193F6S
1193F7S,Accent Chair,31.5 x 30.75 x 32.75H,1193F7S
1194CH,"Accent Chair, Chocolate",28 x 30.25 x 34.75H,1194CH
1194IN,"Accent Chair, Indigo",28 x 30.25 x 34.75H,1194IN
1194TL,"Accent Chair, Teal",28 x 30.25 x 34.75H,1194TL
1194TP,"Accent Chair, Taupe",28 x 30.25 x 34.75H,1194TP
1195F1S,Accent Chair,29.5 x 31.5 x 37.5H,1195F1S
1200BLK,Swivel Chair,29.5 x 32.5 x 30H,1200BLK
1200BRW,Swivel Chair,29.5 x 32.5 x 30H,1200BRW
1212F1S,Accent Chair,31.5 x 30.75 x 32.75H,1212F1S
1212F2S,Accent Chair,31.5 x 30.75 x 32.75H,1212F2S
1212F4S,Accent Chair,31.5 x 30.75 x 32.75H,1212F4S
1217F1S,Accent Chair with 1 Kidney Pillow,31.5 x 34 x 44.25H,1217F1S
1217F2S,Accent Chair with 1 Kidney Pillow,31.5 x 34 x 44.25H,1217F2S
1218DG-3,Sofa,74 x 33 x 32.5H,1218DG
1218DG-2,Love Seat,52.5 x 33 x 32.5H,1218DG
1218DG-1,Accent Chair,30.25 x 33 x 32.5H,1218DG
1218DG-1,Accent Chair,30.25 x 33 x 32.5H,1218DG-1
1218F1S-3,Sofa,74 x 33 x 32.5H,1218F1S-1
1218F1S-2,Love Seat,52.5 x 33 x 32.5H,1218F1S-1
1218F1S,Accent Chair,30.25 x 33 x 32.5H,1218F1S-1
1218RN-3,Sofa,74 x 33 x 32.5H,1218RN
1218RN-2,Love Seat,52.5 x 33 x 32.5H,1218RN
1218RN-1,Accent Chair,30.25 x 33 x 32.5H,1218RN
1218RN-1,Accent Chair,30.25 x 33 x 32.5H,1218RN-1
1218TL-3,Sofa,74 x 33 x 32.5H,1218TL
1218TL-2,Love Seat,52.5 x 33 x 32.5H,1218TL
1218TL-1,Accent Chair,30.25 x 33 x 32.5H,1218TL
1218TL-1,Accent Chair,30.25 x 33 x 32.5H,1218TL-1
1219BU-1,"Accent Chair, Blue",32.5 x 34.5 x 36.5H,1219BU-1
1219BU-2,"LOVE SEAT, BLUE 100% POLYESTER",54 x 34.5 x 36.5H,1219BU-1
1219BU-3,"SOFA, BLUE 100% POLYESTER",77.5 x 34.5 x 36.5H,1219BU-1
1219CH-1,"Accent Chair, Chocolate",32.5 x 34.5 x 36.5H,1219CH-1
1219CH-2,"LOVE SEAT, CHOCOLATE 100% POLYESTER",54 x 34.5 x 36.5H,1219CH-1
1219CH-3,"SOFA, CHOCOLATE 100% POLYESTER",77.5 x 34.5 x 36.5H,1219CH-1
1219GY-1,"Accent Chair, Gray",32.5 x 34.5 x 36.5H,1219GY-1
1219GY-2,"LOVE SEAT, GRAY 100% POLYESTER",54 x 34.5 x 36.5H,1219GY-1
1219GY-3,"SOFA, GRAY 100% POLYESTER",77.5 x 34.5 x 36.5H,1219GY-1
1220F1S,"Accent Chair, Gray",29 x 33 x 30.5H,1220F1S
1220F2S,"Accent Chair, Red",29 x 33 x 30.5H,1220F2S
1220F3S,"Accent Chair, Teal",29 x 33 x 30.5H,1220F3S
1221-1,Swivel Chair,30 x 31 x 37H,1221-1
1224F1S,Accent Chair,27.75 x 32  x 35H,1224F1S
1224F2S,Accent Chair,27.75 x 32  x 35H,1224F2S
1224F4S,Accent Chair,27.75 x 32  x 35H,1224F4S
1225-1,Swivel Chair,30 x 31.5 x 34H,1225-1
1233GY,"Accent Chair, Gray",32.75 x 33 x 35H,1233GY
1233MD,"Accent Chair, Mustard",32.75 x 33 x 35H,1233MD
1233RN,"Accent Chair, Orange",32.75 x 33 x 35H,1233RN
1233TL,"Accent Chair, Teal",32.75 x 33 x 35H,1233TL
1234-1,"Accent Chair, Show Wood",30.5 x 34.5 x 39.75H,1234
1234-4,"Ottoman, Show Wood",32 x 25.5 x 20.25H,1234
1242-1,Accent Chair,27.75 x 37 x 32.25H,1242-1
1245F2S,Accent Chair with 1 Kidney Pillow,33.5 x 33.5 x 39H,1245F2S
1249F1S,Accent Chair,20 x 25 x 36H,1249F1S
1255F1S,"Accent Chair, Two-Tone",21 x 25 x 34.5H,1255F1S
1260F1S,Accent Chair,31.5 x 33.5 x 40H,1260F1S
1260F2S,Accent Chair,31.5 x 33.5 x 40H,1260F2S
1266F1S,Accent Chair,37.5 x 38 x 40.5H,1266F1S
1267GY,Swivel Chair with Ottoman,Chair: 33.75 x 30.75 x 40.5H,1267GY
1270F1S,Accent Chair with 1 Kidney Pillow,28.5 x 34.5 x 42.75H,1270F1S
1270F2S,Accent Chair with 1 Kidney Pillow,28.5 x 34.5 x 42.75H,1270F2S
1270F3S,Accent Chair with 1 Kidney Pillow,28.5 x 34.5 x 42.75H,1270F3S
1277F1S,"Accent Chair, Blue",27.5 x 31 x 38.5H,1277F1S
1277F2S,"Accent Chair, Gray",27.5 x 31 x 38.5H,1277F2S
1279F2S,"Accent Chair, Dark Gray",28 x 30 x 37.5H,1279F2S
1279F3S,"Accent Chair, Beige",28 x 30 x 37.5H,1279F3S
1281BEG-2,"Settee Love Seat, Beige Fabric",46.5 X 29.25 X 32.75H,1281BEG
1281BRW-2,"Settee Love Seat, Brown Fabric",46.5 X 29.25 X 32.75H,1281BRW
1281BUE-2,"Settee Love Seat, Blue Fabric",46.5 X 29.25 X 32.75H,1281BUE
1281TEL-2,"Settee Love Seat, Teal Fabric",46.5 X 29.25 X 32.75H,1281TEL
1282GY-1,Accent Chair,28 x 29 x 38H,1282GY-1
1292-1,Accent Chair,36 x 32 x 29.5H,1292-1
1294GY-1,Accent Chair,32.5 X 31 X 33H,1294GY-1
1296F1S,Accent Chair with Kidney Pillowï¼Œ Charcoal,30.5 x  34 x 49H,1296F1S
1296F2S,"Accent Chair with Kidney Pillow, Teal",30.5 x  34 x 49H,1296F2S
1297BU-1,Accent Chair,29.25 x 30.5 x 36H,1297BU-1
17049-3,Sofa,98 x 36.5 x 43H,17049
17049-2,Love Seat,69 x 36.5 x 42.5H,17049
17049-1,Chair,46 x 36.5 x 40.25H,17049
19359-3,Sofa,97.5 x 41 x 41H,19359
19359-2,Love Seat,81.75 x 41 x 41H,19359
19359-1,Chair,55.5 x 41 x 41H,19359
468F25S,Armless Lounge Chair,22.75 x 29.5 x 32.5H,468F25S
4791PU,Elegant Lounger,Sofa: 71 x 35 x 31H Bed: 71 x 43 x 15H,4791PU
4802MFR,Elegant Lounger,Sofa: 83.5 x 32 x 34.5H Bed: 83.5 x 50.5 x 26H,4802MFR
4803BLK,Elegant Lounger,Sofa: 82.5 x 32 x 32H,4803BLK
4809CH,Elegant Lounger,Sofa: 70.5 x 36 x 35H Bed: 70.5 x 49 x 19.5H,4809CH
4823BR,Elegant Lounger,Sofa: 70.5 x 33.5 x 30.5H Bed: 70.5 x 42.25 x 15.5H,4823BR
4823GP,Elegant Lounger,Sofa: 70.5 x 33.5 x 30.5H Bed: 70.5 x 42.25 x 15.5H,4823GP
4829DB*,Elegant Lounger,Sofa: 82.5 x 32 x 34.75H Bed:  82.5 x 43 x 24H,4829DB*
4829LN*,Elegant Lounger,Sofa: 82.5 x 32 x 34.75H Bed:  82.5 x 43 x 24H,4829LN*
4838*,Elegant Lounger,Sofa: 82.5 x 32 x 34.75H Bed:  82.5 x 68 x 25.5H,4838*
8200BRW-3PW,POWER Double Reclining Sofa,88 x 39 x 39.5H,8200BRW
8200BRW-3,Double Reclining Sofa,88 x 39 x 39.5H,8200BRW
8200BRW-2PW,POWER Double Reclining Love Seat with Center Console,76.75 x 39 x 39.5H,8200BRW
8200BRW-2,Double Reclining Love Seat with Center Console,76.75 x 39 x 39.5H,8200BRW
8200BRW-1PW,POWER Reclining Chair,42 x 39 x 39.5H,8200BRW
8200BRW-1,Glider Reclining Chair,42 x 39 x 39.5H,8200BRW
8201BLK-3,Double Reclining Sofa with Center Drop-Down Cup holders,81.5 x 39 x 39H,8201BLK
8201BLK-2,Double Glider Reclining Love Seat with Center Console,72.5 x 39 x 39H,8201BLK
8201BLK-1,Glider Reclining Chair,35.5 x 39 x 39H,8201BLK
8201BRW-3,Double Reclining Sofa with Center Drop-Down Cup holders,81.5 x 39 x 39H,8201BRW
8201BRW-2,Double Glider Reclining Love Seat with Center Console,72.5 x 39 x 39H,8201BRW
8201BRW-1,Glider Reclining Chair,35.5 x 39 x 39H,8201BRW
8202CH-3,Sofa,72 x 32 x 35H,8202CH
8202CH-2,Love Seat,56.75 x 32 x 35H,8202CH
8202CH*SC,Reversible Sectional,84 x 107 x 35H,8202CH-SC
8202GRY-3,Sofa,72 x 32 x 35H,8202GRY
8202GRY-2,Love Seat,56.75 x 32 x 35H,8202GRY
8202GRY*SC,Reversible Sectional,84 x 107 x 35H,8202GRY-SC
8203GY-3,Sofa,79.5 x 33 x 34H,8203GY
8203GY-2,Love Seat,57.5 x 33 x 34H,8203GY
8203GY-1,Chair,35.5 x 33 x 34H,8203GY
8203RD-3,Sofa,79.5 x 33 x 34H,8203RD
8203RD-2,Love Seat,57.5 x 33 x 34H,8203RD
8203RD-1,Chair,35.5 x 33 x 34H,8203RD
8204-3,Sofa,86.5 x 38.25 x 37.5H,8204
8204-2,Love Seat,63 x 38.25 x 37.5H,8204
8204-1,Chair,39.5 x 38.25 x 37.5H,8204
8205BR-1,Reclining Chair,32.5 x 36 x 40H,8205BR-1
8205CH-1,Reclining Chair,32.5 x 36 x 40H,8205CH-1
8206BRW-3,"Double Reclining Sofa with Center Drop-Down Cup holders, Receptacles and Hidden Drawer",86.5 x 40.25 x 40.25H,8206BRW
8206BRW-2,Double Glider Reclining Love Seat with Center Console and Receptacles,76 x 40.25 x 40.25H,8206BRW
8206BRW-1,Glider Reclining Chair,45 x 40.25 x 40.25H,8206BRW
8206NF-3,"Double Reclining Sofa with Center Drop-Down Cup holders, Receptacles and Hidden Drawer",86.5 x 40.25 x 40.25H,8206NF
8206NF-2,Double Glider Reclining Love Seat with Center Console and Receptacles,76 x 40.25 x 40.25H,8206NF
8206NF-1,Glider Reclining Chair,45 x 40.25 x 40.25H,8206NF
8207-3,Sofa,88.5 x 36.25 x 35.75H,8207
8207-2,Love Seat,61.75 x 36.25 x 35.75H,8207
8207-1,Chair,35 x 36.25 x 35.75H,8207
8208-3SC,Reversible Sofa Chaise,82 x 58.5 x 36.5H,8208-3SC
8209BR-3SC,Reversible Sofa Chaise,82 x 58.5 x 36.5H,8209BR-3SC
8210GRY-3,Double Reclining Sofa,86 x 39.25 x 40.5H,8210GRY
8210GRY-2,Double Glider Reclining Love Seat with Center Console,78 x 39.25 x 40.5H,8210GRY
8210GRY-1,Glider Reclining Chair,39 x 39.25 x 40.5H,8210GRY
8211*,Reversible Sectional with Pull-out Bed and Hidden Storage,97.75 x 59 x 35.25H,8211
8212-AC,Armless Chair,31.5 x 38.75 x 40H,8212 Sectional
8212-AR,Armless Reclining Chair,31.5 x 38.75 x 40H,8212 Sectional
8212-CN,Console,13.5 x 37.5 x 40H,8212 Sectional
8212-CR,Corner Seat,66 x 41.5 x 40H,8212 Sectional
8212-LR,Left Side Reclining Chair,41 x 38.75 x 40H,8212 Sectional
8212-RR,Right Side Reclining Chair,41 x 38.75 x 40H,8212 Sectional
8213-1,Push Back Reclining Chair,33 x 35 x 39H,8213-1
8214BRW-1,Push Back Reclining Chair,28.75 x 35.5 x 40H,8214BRW
8215BJ-1,Push Back Reclining Chair,31 x 35 x 39H,8215BJ-1
8215GY-1,Push Back Reclining Chair,31 x 35 x 39H,8215GY-1
8216DG-3,Sofa,85.5 x 34.25 x 36.5H,8216DG
8216DG-2,Love Seat,63 x 34.25 x 36.5H,8216DG
8216DG-1,Chair,40.5 x 34.25 x 36.5H,8216DG
8216DG-L,Left Side 3-Seater,75.5 x 34.25 x 36.5H,8216DG Sectional
8216DG-R,Right Side 3-Seater,84.5 x 34.25 x 36.5H,8216DG Sectional
8216SD-3,Sofa,85.5 x 34.25 x 36.5H,8216SD
8216SD-2,Love Seat,63 x 34.25 x 36.5H,8216SD
8216SD-1,Chair,40.5 x 34.25 x 36.5H,8216SD
8219-3,Sofa,78 x 34 x 35H,8219
8219-2,Love Seat,63 x 34 x 35H,8219
8219-1,Chair,43 x 34 x 35H,8219
8219-30,Cocktail Table,47 x 24 x 17H,8219
8222-1LT,POWER Lift Chair,31 x 35.75 x 42.25H,8222-1LT
8223BK-3PW*,POWER Double Reclining Sofa,87 x 37 x 39.25H,8223BK
8223BK-2PW*,POWER Double Reclining Love Seat,66 x 37 x 39.25H,8223BK
8223BK-1PW,POWER Reclining Chair,43 x 37 x 39.25H,8223BK
8223DB-3PW*,POWER Double Reclining Sofa,87 x 37 x 39.25H,8223DB
8223DB-2PW*,POWER Double Reclining Love Seat,66 x 37 x 39.25H,8223DB
8223DB-1PW,POWER Reclining Chair,43 x 37 x 39.25H,8223DB
8224DG-3,Sofa,78.25 x 32.5 x 30.5H,8224DG
8224DG-2,Love Seat,58 x 32.5 x 30.5H,8224DG
8224DG-1,Chair,39.25 x 32.5 x 30.5H,8224DG
8224TN-3,Sofa,78.25 x 32.5 x 30.5H,8224TN
8224TN-2,Love Seat,58 x 32.5 x 30.5H,8224TN
8224TN-1,Chair,39.25 x 32.5 x 30.5H,8224TN
8225-3,Sofa,87 x 35.5 x 37H,8225
8225-2,Love Seat,75.5 x 35.5 x 37H,8225
8225-1,Chair,39.25 x 35.5 x 37H,8225
8225-4,Ottoman,26 x 26 x 19H,8225
8225NGY-3,Sofa,87 x 35.5 x 37H,8225NGY
8225NGY-2,Love Seat,75.5 x 35.5 x 37H,8225NGY
8225NGY-1,Chair,39.25 x 35.5 x 37H,8225NGY
8225NGY-4,Ottoman,26 x 26 x 19H,8225NGY
8226DB-AC,Armless Chair,36 x 36 x 34H,8226DB
8226DB-CR,Corner Seat,36.5 x 36.5 x 34H,8226DB
8226DB-4,Ottoman,36 x 36 x 17.75H,8226DB
8226GY-AC,Armless Chair,36 x 36 x 34H,8226GY
8226GY-CR,Corner Seat,36.5 x 36.5 x 34H,8226GY
8226GY-4,Ottoman,36 x 36 x 17.75H,8226GY
8228BU*,Sectional with Pull-out Bed  and Hidden Storage,98 x 65.5 x 32 - 39H,8228BU*
8228TP*,Sectional with Pull-out Bed and Hidden Storage,98 x 65.5 x 32 - 39H,8228TP*
8229DG-AC,Armless Chair,25.25 X 38.25 X 41H,8229DG Sectional
8229DG-ARPW,POWER Armless Reclining Chair,25.25 X 38.25 X 41H,8229DG Sectional
8229DG-CN,Console,13.5 X 38.25 X 41H,8229DG Sectional
8229DG-CR,Corner Seat,69 X 41.5 X 41H,8229DG Sectional
8229DG-LRPW,POWER Left Side Reclining Chair,34 X 38.25 X 41H,8229DG Sectional
8229DG-RRPW,POWER Right Side Reclining Chai,34 X 38.25 X 41H,8229DG Sectional
8229-AC,Armless Chair,25.25 x 38.25 x 41H,8229 Sectional
8229-ARPW,POWER Armless Reclining Chair,25.25 x 38.25 x 41H,8229 Sectional
8229-CN,Console,13.5 x 37.5 x 41H,8229 Sectional
8229-CR,Corner Seat,69 x 41.5 x 41H,8229 Sectional
8229-LRPW,POWER Left Side Reclining Chair,34 x 38.25 x 41H,8229 Sectional
8229-RRPW,POWER Right Side Reclining Chair,34 x 38.25 x 41H,8229 Sectional
8230BLK-3,Double Reclining Sofa,87.5 x 38.5 x 39.5H,8230BLK
8230BLK-2,Double Glider Reclining Love Seat with Center Console,78.5 x 38.5 x 39.5H,8230BLK
8230BLK-1,Glider Reclining Chair,42.5 x 38.5 x 39.5H,8230BLK
8230BLK-2L,Left Side Reclining Love Seat,65.5 x 38.5 x 39.5H,8230BLK Sectional
8230BLK-2RCN,Right Side Double Reclining Love Seat with Center Console,78.5 x 38.5 x 39.5H,8230BLK Sectional
8230BLK-CR,Corner Seat,65.5 x 41 x 39.5H,8230BLK Sectional
8230BRW-3,Double Reclining Sofa,87.5 x 38.5 x 39.5H,8230BRW
8230BRW-2,Double Glider Reclining Love Seat with Center Console,78.5 x 38.5 x 39.5H,8230BRW
8230BRW-1,Glider Reclining Chair,42.5 x 38.5 x 39.5H,8230BRW
8230BRW-2L,Left Side Reclining Love Seat,65.5 X 38.5 X 39.5H,8230BRW Sectional
8230BRW-2RCN,Right Side Double Reclining Love Seat with Center Console,78.5 X 38.5 X 39.5H,8230BRW Sectional
8230BRW-CR,Corner Seat,65.5 X 41 X 39.5H,8230BRW Sectional
8233FA-3,Sofa,91.75 x 35.25 x 38.5H,8233FA
8233FA-2,Love Seat,69.25 x 35.25 x 38.5H,8233FA
8233FA-5,Chaise,34.25 x 58.25 x 33.5H,8233FA
8233TT-3,Sofa,91.75 x 35.25 x 38.5H,8233TT
8233TT-2,Love Seat,69.25 x 35.25 x 38.5H,8233TT
8233TT-5,Chaise,34.25 x 58.25 x 33.5H,8233TT
8234RD-3,Sofa,83.5 x 33.75 x 38.75H,8234RD
8234RD-2,Love Seat,61.5 x 33.75 x 38.75H,8234RD
8234RD-5,Chaise,33.75 x 61.75 x 38.75H,8234RD
8234TT-3,Sofa,83.5 x 33.75 x 38.75H,8234TT
8234TT-2,Love Seat,61.5 x 33.75 x 38.75H,8234TT
8234TT-5,Chaise,33.75 x 61.75 x 38.75H,8234TT
8235GY-3,Sofa,88.25 x 34.5 x 33H,8235GY
8235GY-2,Love Seat,61.5 x 34.5 x 33H,8235GY
8235GY-1,Chair,35 x 34.5 x 33H,8235GY
8235GY-L,Left Side Chaise,31 x 58.5 x 33H,8235GY*
8235GY-R,Right Side 2-Seater,58 x 34.5 x 33H,8235GY*
8235SS-3,Sofa,88.25 x 34.5 x 33H,8235SS
8235SS-2,Love Seat,61.5 x 34.5 x 33H,8235SS
8235SS-1,Chair,35 x 34.5 x 33H,8235SS
8235SS-L,Left Side Chaise,31 x 58.5 x 33H,8235SS*
8235SS-R,Right Side 2-Seater,58 x 34.5 x 33H,8235SS*
8237PU-1PW,POWER Reclining Chair,38 x 36 x 40H,8237PU-1PW
8238-RC,"Right Side Chaise, Push Back Recliner",42 x 62.5 x 40H,8238 Sectional
8238-RR,Right Side Reclining Chair,42 x 39 x 40H,8238 Sectional
8238-AC,Armless Chair,32 x 39 x 40H,8238 Sectional
8238-AR,Armless Reclining Chair,32 x 39 x 40H,8238 Sectional
8238-CN,Console,13.5 x 38 x 40H,8238 Sectional
8238-CR,Corner Seat,68 x 41 x 40H,8238 Sectional
8238-LC,"Left Side Chaise, Push Back Recliner",42 x 62.5 x 40H,8238 Sectional
8238-LR,Left Side Reclining Chair,42 x 39 x 40H,8238 Sectional
8239-3,Sofa,85 x 36 x 39H,8239
8239-2,Love Seat,64 x 36 x 39H,8239
8239-1,Chair,44 x 36 x 39H,8239
8240-3,Double Reclining Sofa,86 x 38.75 x 40.5H,8240
8240-2,Double Reclining Love Seat,63.25 x 38.75 x 40.5H,8240
8240-1,Reclining Chair,40 x 38.75 x 40.5H,8240
8244BU-3,Sofa,81 x 39 x 39H,8244BU
8244BU-2,Love Seat,63 x 39 x 39H,8244BU
8244BU-1,Chair,41 x 39 x 39H,8244BU
8244RN-3,Sofa,81 x 39 x 39H,8244RN
8244RN-2,Love Seat,63 x 39 x 39H,8244RN
8244RN-1,Chair,41 x 39 x 39H,8244RN
8244SD-3,Sofa,81 x 39 x 39H,8244SD
8244SD-2,Love Seat,63 x 39 x 39H,8244SD
8244SD-1,Chair,41 x 39 x 39H,8244SD
8245BR-3SL,Sofa with Sleeper,Sofa: 83 x 36 x 38HSleeper Mattress: 60 x 71.75 x 4.75H,8245BR
8245BR-3,Sofa,83 x 36 x 38H,8245BR
8245BR-2,Love Seat,57 x 36 x 38H,8245BR
8245BR-1,Chair,36 x 36 x 38H,8245BR
8245GY-3SL,Sofa with Sleeper,"Sofa: 83 x 36 x 38H
Sleeper Mattress: 60 x 71.75 x 4.75H",8245GY
8245GY-3,Sofa,83 x 36 x 38H,8245GY
8245GY-2,Love Seat,57 x 36 x 38H,8245GY
8245GY-1,Chair,36 x 36 x 38H,8245GY
8246CR-3,Sofa,82.5 x 34.5 x 34.5H,8246CR
8246CR-2,Love Seat,57.5 x 34.5  x 34.5H,8246CR
8246CR-1,Chair,32 x 34.5 x 34.5H,8246CR
8246GY-3,Sofa,82.5 x 34.5 x 34.5H,8246GY
8246GY-2,Love Seat,57.5 x 34.5 x 34.5H,8246GY
8246GY-1,Chair,32 x 34.5 x 34.5H,8246GY
8248GRY-3,Sofa,72 x 32 x 35H,8248GRY
8248GRY-2,Love Seat,58 x 32 x 35H,8248GRY
8250GY-3,Sofa,79.75 x 33 x 33H,8250GY
8250GY-2,Love Seat,57 x 33 x 33H,8250GY
8250GY-1,Chair,34.25 x 33 x 33H,8250GY
8250RN-3,Sofa,79.75 x 33 x 33H,8250RN
8250RN-2,Love Seat,57 x 33 x 33H,8250RN
8250RN-1,Chair,34.25 x 33 x 33H,8250RN
8255GY-2LCNPHD,"POWER Left Side Reclining Love Seat with Center Console, Power Headrest and LED",64.5 x 39 x 40H,8255GY-PW Sectional
8255GY-2RCNPHD,"POWER Right Side Reclining Love Seat with Center Console, Power Headrest and LED",64.5 x 39 x 40H,8255GY-PW Sectional
8255GY-CR,Corner Seat,68 x 42.5 x 40H,8255GY-PW Sectional
8256GY-LPW,POWER Left Side Reclining Love Seat,71 x 41.75 x 29-36H,8256GY-PW Sectional
8256GY-R,Right Side Chaise,85 x 41.75 x 29 - 36H,8256GY-PW Sectional
8256-LPW,POWER Left Side Reclining Love Seat,71 x 41.75 x 29-36H,8256-PW Sectional
8256-R,Right Side Chaise,85 x 41.75 x 29 - 36H,8256-PW Sectional
8257BRW-3,Double Reclining Sofa,85 x 37.5 x 40H,8257BRW
8257BRW-2,Double Reclining Love Seat,62 x 37.5 x 40H,8257BRW
8257BRW-1,Reclining Chair,39 x 37.5 x 40H,8257BRW
8257GRY-3,Double Reclining Sofa,85 x 37.5 x 40H,8257GRY
8257GRY-2,Double Reclining Love Seat,62 x 37.5 x 40H,8257GRY
8257GRY-1,Reclining Chair,39 x 37.5 x 40H,8257GRY
8258-3,Double Reclining Sofa,85 x 39 x 40H,8258
8258-2,Double Reclining Love Seat,65 x 39 x 40H,8258
8258-1,Reclining Chair,40 x 39 x 40H,8258
8259-AC,Armless Chair,30 x 37 x 37 - 39.5H,8259-PW Sectional
8259-ARPW,POWER Armless Reclining Chair,30 x 37 x 37 - 39.5H,8259-PW Sectional
8259-CN,Console,13.5 x 37 x 37 - 39.5H,8259-PW Sectional
8259-CR,Corner Seat,64.5 x 40 x 37 - 39.5H,8259-PW Sectional
8259-LRPWH,POWER Left Side Reclining Chair with Power Headrest,40 x 37 x 37 - 39.5H,8259-PW Sectional
8259-RRPWH,POWER Right Side Reclining Chair with Power Headrest,40 x 37 x 37 - 39.5H,8259-PW Sectional
8260DB-AC,Armless Chair,31 x 39 x 39H,8260DB-PW Sectional
8260DB-ARPW,POWER Armless Reclining Chair,31 x 39 x 39H,8260DB-PW Sectional
8260DB-CN,Console,16 x 39 x 39H,8260DB-PW Sectional
8260DB-CR,Corner Seat,72 x 43 x 39H,8260DB-PW Sectional
8260DB-LRPW,POWER Left Side Reclining Chair,39 x 39 x 39H,8260DB-PW Sectional
8260DB-RRPW,POWER Right Side Reclining Chair,39 x 39 x 39H,8260DB-PW Sectional
8260GY-AC,Armless Chair,31 x 39 x 39H,8260GY-PW Sectional
8260GY-ARPW,POWER Armless Reclining Chair,31 x 39 x 39H,8260GY-PW Sectional
8260GY-CN,Console,16 x 39 x 39H,8260GY-PW Sectional
8260GY-CR,Corner Seat,72 x 43 x 39H,8260GY-PW Sectional
8260GY-LRPW,POWER Left Side Reclining Chair,39 x 39 x 39H,8260GY-PW Sectional
8260GY-RRPW,POWER Right Side Reclining Chair,39 x 39 x 39H,8260GY-PW Sectional
8267BE-1,"Push Back Reclining Chair, Beige",30.5 x 35.5 x 41H,8267BE-1
8267BU-1,"Push Back Reclining Chair, Blue",30.5 x 35.5 x 41H,8267BU-1
8267CH-1,"Push Back Reclining Chair, Chocolate",30.5 x 35.5 x 41H,8267CH-1
8267GY-1,"Push Back Reclining Chair, Gray",30.5 x 35.5 x 41H,8267GY-1
8267RN-1,"Push Back Reclining Chair, Orange",30.5 x 35.5 x 41H,8267RN-1
8268BR-1,Push Back Reclining Chair,27 x 35.5 x 42.5H,8268BR-1
8268GY-1,Push Back Reclining Chair,27 x 35.5 x 42.5H,8268GY-1
8268PU-1,Push Back Reclining Chair,27 x 35.5 x 42.5H,8268PU-1
8269-1,Push Back Reclining Chair,30 x 36 x 41.5H,8269-1
8270-1,Push Back Reclining Chair,32.5 x 34.5 x 38.5H,8270-1
8277CH*,Sectional with Pull-out Bed and Storage Ottoman,103.75 x 87.75 x 32 - 39H,8277CH Sectional
8289BU-3,Sofa,84 x 34 x 33.5H,8289BU
8289BU-2,Love Seat,62 x 34 x 33.5H,8289BU
8289BU-1,Chair,42 x 34 x 33.5H,8289BU
8289GY-3,Sofa,84 x 34 x 33.5H,8289GY
8289GY-2,Love Seat,62 x 34 x 33.5H,8289GY
8289GY-1,Chair,42 x 34 x 33.5H,8289GY
8300-1PW,POWER Reclining Chair,41.25 x 41 x 30 - 37.5H,8300
8300-3PW*,POWER Double Reclining Sofa,78.75 x 41 x 30 - 37.5H,8300
8300-2PW*,POWER Double Reclining Love Seat,64.5 x 41 x 30 - 37.5H,8300
8303-AC,Armless Chair,29.5 x 33 x 28.25H,8303
8303-LL,L Left Side 2-Seater/Right Side Chaise,65.75 x 33 x 28.25H,8303
8303-OT,Ottoman,57 x 31 x 18.5H,8303
8308-3PW*,POWER Double Reclining Sofa,87.75 x 36.5 x 39.5H,8308
8308-2PW*,POWER Double Reclining Love Seat,64.5 x 36.5 x 39.5H,8308
8308-1PW,POWER Reclining Chair,41.25 x 36.5 x 39.5H,8308
8308-5L,Left Side Chaise,32.25 x 62 x 39.5H,8308 Sectional
8308-5R,Right Side Chaise,32.25 x 62 x 39.5H,8308 Sectional
8308-AC,Armless Chair,23.25 x 36.5 x 39.5H,8308 Sectional
8308-ARPW,POWER Armless Reclining Chair,23.25 x 36.5 x 39.5H,8308 Sectional
8308-CN,Console,13 x 36.5 x 39.5H,8308 Sectional
8308-CR,Corner Seat,64.5 x 40 x 39.5H,8308 Sectional
8308-LCPW,POWER Left Side Reclining Chair with USB port,32.25 x 36.5 x 39.5H,8308 Sectional
8308-RCPW,POWER Right Side Reclining Chair with USB port,32.25 x 36.5 x 39.5H,8308 Sectional
8312-3,Sofa,72.75 x 33.75 x 33.75H,8312
8312-2,Love Seat,55.5 x 33.75 x 33.75H,8312
8312-1,Chair,36.75 x 33.75 x 33.75H,8312
8312DG-1,Chair,36.75 x 33.75 x 33.75H,8312DG
8312DG-3,Sofa,72.75 x 33.75 x 33.75H,8312DG
8312DG-2,Love Seat,55.5 x 33.75 x 33.75H,8312DG
8313-3,Sofa,87.5 x 37.5 x 39.75H,8313
8313-2,Love Seat,63.5 x 37.5 x 39.75H,8313
8313-1,Accent Chair,33 x 33 x 45.5H,8313
8318-3PW*,POWER Double Reclining Sofa,109.5 x 36.75 x 39.5H,8318
8318-2CNPW*,POWER Double Reclining Love Seat with Center Console,92 x 36.75 x 39.5H,8318
8318-1PW,POWER Reclining Chair,41.25 x 36.75 x 39.5H,8318
8318-5L,Left Side Chaise,39.5 x 62 x 39.5H,8318 Sectional
8318-5R,Right Side Chaise,39.5 x 62 x 39.5H,8318 Sectional
8318-AC,Armless Chair,30.5 x 36.75 x 39.5H,8318 Sectional
8318-ARPW,POWER Armless Reclining Chair,30.5 x 36.75 x 39.5H,8318 Sectional
8318-CN,Console,13 x 36.75 x 39.5H,8318 Sectional
8318-CR,Corner Seat,64.5 x 40 x 39.5H,8318 Sectional
8318-LRPW,POWER Left Side Reclining Chair with USB port,39.5 x 36.75 x 39.5H,8318 Sectional
8318-RRPW,POWER Right Side Reclining Chair with USB port,39.5 x 36.75 x 39.5H,8318 Sectional
8323-3,Sofa,89.75 x 31 x 37.75H,8323
8323-2,Love Seat,65 x 31 x 37.75H,8323
8323-1,Chair,40.25 x 31 x 37.75H,8323
8324-3,Sofa,87 x 33.75 x 31H,8324
8324-2,Love Seat,61.5 x 33.75 x 31H,8324
8324-1,Chair,36.75 x 33.75 x 31H,8324
8324-4,Ottoman,36.25 x 36.25 x 18.25H,8324
8325BLK-3,Double Reclining Sofa,79 x 36.5 x 39.5H,8325BLK
8325BLK-2,Double Reclining Love Seat,59 x 36.5 x 39.5H,8325BLK
8325BLK-1,Reclining Chair,38.5 x 36.5 x 39.5H,8325BLK
8325BRW-3,Double Reclining Sofa,79 x 36.5 x 39.5H,8325BRW
8325BRW-2,Double Reclining Love Seat,59 x 36.5 x 39.5H,8325BRW
8325BRW-1,Reclining Chair,38.5 x 36.5 x 39.5H,8325BRW
8326BLK-3,Double Reclining Sofa,81.5 x 38.5 x 39H,8326BLK
8326BLK-2,Double Reclining Love Seat,61 x 38.5 x 39H,8326BLK
8326BLK-1,Reclining Chair,42 x 38.5 x 39H,8326BLK
8326BRW-3,Double Reclining Sofa,81.5 x 38.5 x 39H,8326BRW
8326BRW-2,Double Reclining Love Seat,61 x 38.5 x 39H,8326BRW
8326BRW-1,Reclining Chair,42 x 38.5 x 39H,8326BRW
8327BE-3,Sofa,85.5 x 33.75 x 35.5H,8327BE
8327BE-2,Love Seat,67.25 x 33.75 x 35.5H,8327BE
8327BE-1,Chair,40.25 x 33.75 x 35.5H,8327BE
8327GY-1S,Accent Chair,30 x 33.75 x 37H,8327BE
8327BE-CR,Corner Seat,34.75 ?34.75 ?37H,8327BE Sectional
8327BE-L,Left Side 2-Seater,61 ?36 ?37H,8327BE Sectional
8327BE-R,Right Side 2-Seater,61 ?36 ?37H,8327BE Sectional
8327BLK-3,Sofa,85.5 x 33.75 x 35.5H,8327BLK
8327BLK-2,Love Seat,67.25 x 33.75 x 35.5H,8327BLK
8327BLK-1,Chair,40.25 x 33.75 x 35.5H,8327BLK
8327BLK-R,Right Side 2-Seater,61.5 x 36.25 x 37H,8327BLK Sectional
8327BLK-CR,Corner Seat,34.75 x 34.75 x 37H,8327BLK Sectional
8327BLK-L,L Left Side 2-Seater,61.5 x 36.25 x 37H,8327BLK Sectional
8327DBR-3,Sofa,85.75 x 36 x 35.5H,8327DBR
8327DBR-2,Love Seat,67.25 x 36 x 35.5H,8327DBR
8327DBR-1,Chair,40.5 x 36 x 35.5H,8327DBR
8327DBR-CR,Corner Seat,34.75 x 34.75 x 37H,8327DBR Sectional
8327DBR-L,Left Side 2-Seater,61 x 36 x 37H,8327DBR Sectional
8327DBR-R,Right Side 2-Seater,61 x 36 x 37H,8327DBR Sectional
8327GY-3,Sofa,85.5 x 33.75 x 35.5H,8327GY
8327GY-2,Love Seat,67.25 x 33.75 x 35.5H,8327GY
8327GY-1,Chair,40.25 x 33.75 x 35.5H,8327GY
8327GY-1S,Accent Chair,30 x 33.75 x 37H,8327GY
8327GY-1S,Accent Chair,30 x 33.75 x 37H,8327GY-1S
8327GY-CR,Corner Seat,34.75 ?34.75 ?37H,8327GY Sectional
8327GY-L,Left Side 2-Seater,61 ?36 ?37H,8327GY Sectional
8327GY-R,Right Side 2-Seater,61 ?36 ?37H,8327GY Sectional
8327TL-3,Sofa,85.5 x 33.75 x 35.5H,8327TL
8327TL-2,Love Seat,67.25 x 33.75 x 35.5H,8327TL
8327TL-1,Chair,40.25 x 33.75 x 35.5H,8327TL
8327TL-1S,Accent Chair,30 x 33.75 x 37H,8327TL
8327TL-1S,Accent Chair,30 x 33.75 x 37H,8327TL-1S
8327TL-CR,Corner Seat,34.75 ?34.75 ?37H,8327TL Sectional
8327TL-L,Left Side 2-Seater,61 ?36 ?37H,8327TL Sectional
8327TL-R,Right Side 2-Seater,61 ?36 ?37H,8327TL Sectional
8328-3,Sofa,72 x 31.5 x 36.25H,8328
8328-2,Love Seat,50.75 x 31.5 x 36.25H,8328
8328-1,Chair,29.5 x 31.5 x 36.25H,8328
8329BLK-3,Double Reclining Sofa,82 x 39.5 x 39.5H,8329BLK
8329BLK-2,Double Reclining Love Seat,62 x 39.5 x 39.5H,8329BLK
8329BLK-1,Reclining Chair Chair,37.5 x 39.5 x 39.5H,8329BLK
8329BRW-3,Double Reclining Sofa,82 x 39.5 x 39.5H,8329BRW
8329BRW-2,Double Reclining Love Seat,62 x 39.5 x 39.5H,8329BRW
8329BRW-1,Reclining Chair Chair,37.5 x 39.5 x 39.5H,8329BRW
8329CH-3,Double Reclining Sofa,82 x 39.5 x 39.5H,8329CH
8329CH-2,Double Reclining Love Seat,62 x 39.5 x 39.5H,8329CH
8329CH-1,Reclining Chair,37.5 x 39.5 x 39.5H,8329CH
8334BLK-3,Double Reclining Sofa with Center Drop-Down Cup Holders,87.5 x 38.5 x 39H,8334BLK
8334BLK-2,Double Glider Reclining Love Seat with Center Console,78 x 38.5 x 39H,8334BLK
8334BLK-1,Swivel Glider Reclining Chair,42 x 38.5 x 39H,8334BLK
8334DBR-3,Double Reclining Sofa with Center Drop-Down Cup Holders,87.5 x 38.5 x 39H,8334DBR
8334DBR-2,Double Glider Reclining Love Seat with Center Console,78 x 38.5 x 39H,8334DBR
8334DBR-1,Swivel Glider Reclining Chair,42 x 38.5 x 39H,8334DBR
8335-AC,Armless Chair,26.5 x 35.25 x 37H,8335
8335-CR,Corner Seat,34.25 x 34.25 x 37H,8335
8335-LL,Left Side 2-Seater,61 x 35.25 x 37H,8335
8335-RL,Right Side 2-Seater,61 x 35.25 x 37H,8335
8335-4,Ottoman,38 x 38 x 19.25H,8335
8336-AC,Armless Chair,32 x 39 x 40H,8336 Sectional
8336-AR,Armless Reclining Chair,32 x 39 x 40H,8336 Sectional
8336-CN,Console,13.5 x 38 x 40H,8336 Sectional
8336-CR,Corner Seat,68 x 41 x 40H,8336 Sectional
8336-LC,"Left Side Chaise, Push Back Recliner",42 x 62.5 x 40H,8336 Sectional
8336-LR,Left Side Reclining Chair,42 x 39 x 40H,8336 Sectional
8336-RC,"Right Side Chaise, Push Back Recliner",42 x 62.5 x 40H,8336 Sectional
8336-RR,Right Side Reclining Chair,42 x 39 x 40H,8336 Sectional
8337FA-3,Sofa,89 x 37.25 x 34.25H,8337FA
8337FA-2,Love Seat,69.75 x 37.25 x 34.25H,8337FA
8337FA-1,Armless Chair,35.5 x 37.25 x 34.25H,8337FA
8337FA-4,Ottoman,46 x 23.5 x 19H,8337FA
8355-3PW,POWER Double Reclining Sofa,91 x 37 x 37.75H,8355
8355-2PW,POWER Double Reclining Love Seat,67.75 x 37 x 37.75H,8355
8355-1PW,POWER Reclining Chair,44.5 x 37 x 37.75H,8355
8367CH-3,"Reversible 3-Seater, Left/Right Unit",76.5 x 32.5 x 33.5H,8367CH
8367CH-5,"Reversible Chaise, Left/Right Unit",32.75 x 78 x 33.5H,8367CH
8367CH-4,Ottoman,37.5 x 26 x 18H,8367CH
8367TP-3,"Reversible 3-Seater, Left/Right Unit",76.5 x 32.5 x 33.5H,8367TP
8367TP-5,"Reversible Chaise, Left/Right Unit",32.75 x 78 x 33.5H,8367TP
8367TP-4,Ottoman,37.5 x 26 x 18H,8367TP
8369GY-2LPW,POWER Left Side Reclining Love Seat,69 x 38 x 38.5H,8369GY Sectional
8369GY-2RPW,POWER Right Side Reclining Love Seat,69 x 38 x 38.5H,8369GY Sectional
8369GY-ARPW,POWER Armless Reclining Chair,27.5 x 38 x 38.5H,8369GY Sectional
8369GY-CR,Corner Seat,63 x 39.75 x 38.5H,8369GY Sectional
8370BRW-3,Double Reclining Sofa,88 x 40.25 x 39H,8370BRW
8370BRW-2,Double Glider Reclining Love Seat with Center Console,76 x 40.25 x 39H,8370BRW
8370BRW-1,Glider Reclining Chair,40.5 x 40.25 x 39H,8370BRW
8378BLK-L,Left Side 3-Seater,76 x 33 x 34H,8378BLK
8378BLK-R,Right Side Chaise,80 x 33 x 34H,8378BLK
8378BLK-4,Ottoman,45 x 25 x 20H,8378BLK
8378BRW-L,Left Side 3-Seater,76 x 33 x 34H,8378BRW
8378BRW-R,Right Side Chaise,80 x 33 x 34H,8378BRW
8378BRW-4,Ottoman,45 x 25 x 20H,8378BRW
8378GRY-L,Left Side 3-Seater,76 x 33 x 34H,8378GRY
8378GRY-R,Right Side Chaise,80 x 33 x 34H,8378GRY
8378GRY-4,Ottoman,45 x 25 x 20H,8378GRY
8380-1,Chair,35 x 38 x 36.5H,8380
8380-3,Sofa,84.5 x 38 x 36.5H,8380
8380-2,Love Seat,61 x 38 x 36.5H,8380
8399-3PW,POWER Double Reclining Sofa,89 x 40.5 x 41.75H,8399
8399-3,Double Reclining Sofa,89 x 40.5 x 41.75H,8399
8399-2PW,POWER Double Reclining Love Seat,68 x 40.5 x 41.75H,8399
8399-2,Double Reclining Love Seat,68 x 40.5 x 41.75H,8399
8399-1PW,POWER Reclining Chair,45.25 x 40.5 x 41.75H,8399
8399-1,Glider Reclining Chair,45.25 x 40.5 x 41.75H,8399
8401-3SC,Reversible Sofa Chaise,80 x 58.5 x 36.5H,8401-3SC
8401GY-3SC,Reversible Sofa Chaise,80 x 58.5 x 36.5H,8401GY-3SC
8403-3,Double Reclining Sofa with Center Drop-Down Cup Holders,81 x 38 x 38.5H,8403
8403-2,Double Reclining Love Seat,61 x 38 x 38.5H,8403
8403-1,Reclining Chair,39.5 x 38 x 38.5H,8403
8404DB-1,Reclining Chair,29.75 x 38 x 41H,8404DB-1
8404TP-1,Reclining Chair,29.75 x 38 x 41H,8404TP-1
8405BJ-3SL,Sofa with Sleeper,Sofa: 90 x 36.5 x 36.25HSleeper Mattress: 60 x 71.75 x 4.75H,8405BJ
8405BJ-3,Sofa,90 x 36.5 x 36.25H,8405BJ
8405BJ-2,Love Seat,68 x 36.5 x 36.25H,8405BJ
8405BJ-1,Chair,45 x 36.5 x 36.25H,8405BJ
8405BJ-4,Ottoman,30.75 x 23.5 x 20H,8405BJ
8411-2L,Left Side Reclining Love Seat,53 x 38.5 x 39H,8411
8411-2LCN,Left Side Reclining Love Seat with Center Console,66 x 38.5 x 39H,8411
8411-2R,Right Side Reclining Love Seat,53 x 38.5 x 39H,8411
8411-2RCN,Right Side Reclining Love Seat with Center Console,66 x 38.5 x 39H,8411
8411-CR,Corner Seat,59 x 40 x 39H,8411
8412-3,Sofa,84 x 36.5 x 45H,8412
8412-2,Love Seat,64 x 36.5 x 45H,8412
8412-1,Accent Chair,31.5 x 31 x 47.5H,8412
8413GY-3,Sofa,84 x 35.75 x 35.75H,8413GY
8413GY-2,Love Seat,61.5 x 35.75 x 35.75H,8413GY
8413GY-1,Chair,38.5 x 35.75 x 35.75H,8413GY
8413TL-3,Sofa,84 x 35.75 x 35.75H,8413TL
8413TL-2,Love Seat,61.5 x 35.75 x 35.75H,8413TL
8413TL-1,Chair,38.5 x 35.75 x 35.75H,8413TL
8413YW-3,Sofa,84 x 35.75 x 35.75H,8413YW
8413YW-2,Love Seat,61.5 x 35.75 x 35.75H,8413YW
8413YW-1,Chair,38.5 x 35.75 x 35.75H,8413YW
8414DBR-3,Triple Reclining Sofa,91 x 42 x 39H,8414DBR
8414DBR-2,Double Glider Reclining Love Seat with Center Console,79.5 x 42 x 39H,8414DBR
8414DBR-1,Glider Reclining Chair,44.5 x 42 x 39H,8414DBR
8427-3,Sofa,98.5 x 39.75 x 32H,8427
8427-2,Love Seat,74.75 x 39.75 x 32H,8427
8427-1,Chair,51.25 x 39.75 x 32H,8427
8427GY-3,Sofa,98.5 x 39.75 x 32H,8427GY
8427GY-2,Love Seat,74.75 x 39.75 x 32H,8427GY
8427GY-1,Chair,51.25 x 39.75 x 32H,8427GY
8437-1LT,POWER Lift Chair,35 x 36.75 x 41.25H,8437-1LT
8437DBR-1LT,POWER Lift Chair,35 x 36.75 x 41.25H,8437DBR-1LT
8444BLK-3PW,"POWER Double Reclining Sofa with Drop-Down Cup Holders, Reading  Lights, Receptacles and Magazine Bag",83.5 x 40 x 41.25 - 45.25H,8444BLK
8444BLK-2PW,POWER Double Reclining Love Seat,60 x 40 x 41.25 - 45.25H,8444BLK
8444BLK-1PW,POWER Reclining Chair,37.75 x 40 x 41.25H - 45.25H,8444BLK
8469-3,Sofa,91.25 x 36 x 34.75H,8469
8469-2,Love Seat,69.25 x 36 x 34.75H,8469
8469-1,Chair,50.5 x 36 x 35.75H,8469
8469-5,Chaise,30 x 67.75 x 38.25H,8469
8477-3,Sofa,95 x 40.25 x 38.5H,8477
8477-2,Love Seat,69 x 40.25 x 38.5H,8477
8477-1,Chair,55.25 x 40.25 x 38.5H,8477
8477-4,Ottoman,37 x 28 x 20H,8477
8477DB-3,Sofa,95 x 40.25 x 38.5H,8477DB
8477DB-2,Love Seat,69 x 40.25 x 38.5H,8477DB
8477DB-1,Chair,55.25 x 40.25 x 38.5H,8477DB
8477NF-3,Sofa,95 x 40.25 x 38.5H,8477NF
8477NF-2,Love Seat,69 x 40.25 x 38.5H,8477NF
8477NF-1,Chair,55.25 x 40.25 x 38.5H,8477NF
8477-4,Ottoman,37 x 28 x 20H,8477NF
8478-3,Sofa,85.5 x 38.25 x 36.5H,8478
8478-2,Love Seat,65.5 x 38.25 x 36.5H,8478
8478-1,Chair,41.5 x 38.25 x 36.5H,8478
8480BRW-3PW,POWER Double Reclining Sofa,88 x 40 x 39H,8480BRW
8480BRW-3,Double Reclining Sofa,88 x 40 x 39H,8480BRW
8480BRW-2PW,POWER Double Reclining Love Seat,65 x 40 x 39H,8480BRW
8480BRW-2,Double Reclining Love Seat,65 x 40 x 39H,8480BRW
8480BRW-1PW,POWER Reclining Chair,42 x 40 x 39H,8480BRW
8480BRW-1,Glider Reclining Chair,42 x 40 x 39H,8480BRW
8480BRW-2LCNPD,POWER Left Side Reclining Love Seat with Center Console and LED,69 x 40.5 x 39H,8480BRW-PW Sectional
8480BRW-2RPD,POWER Right Side Reclining Love Seat with LED,59.5 x 40.5 x 39H,8480BRW-PW Sectional
8480BRW-ARPD,POWER Armless Reclining Chair with LED,22 x 40.5 x 39H,8480BRW-PW Sectional
8480BRW-CR,Corner Seat,68.5 x 43 x 39H,8480BRW-PW Sectional
8480BRW-2LCN,Left Side Reclining Love Seat with Center Console,69 x 40.5 x 39H,8480BRW Sectional
8480BRW-2R,Right Side Reclining Love Seat,59.5 x 40.5 x 39H,8480BRW Sectional
8480BRW-AR,Armless Reclining Chair,22 x 40.5 x 39H,8480BRW Sectional
8480BRW-CR,Corner Seat,68.5 x 43 x 39H,8480BRW Sectional
8480GRY-3PW,POWER Double Reclining Sofa,88 x 40 x 39H,8480GRY
8480GRY-3,Double Reclining Sofa,88 x 40 x 39H,8480GRY
8480GRY-2PW,POWER Double Reclining Love Seat,65 x 40 x 39H,8480GRY
8480GRY-2,Double Reclining Love Seat,65 x 40 x 39H,8480GRY
8480GRY-1PW,POWER Reclining Chair,42 x 40 x 39H,8480GRY
8480GRY-1,Glider Reclining Chair,42 x 40 x 39H,8480GRY
8480GRY-2LCNPD,POWER Left Side Reclining Love Seat with Center Console and LED,69 x 40.5 x 39H,8480GRY-PW Sectional
8480GRY-2RPD,POWER Right Side Reclining Love Seat with LED,59.5 x 40.5 x 39H,8480GRY-PW Sectional
8480GRY-ARPD,POWER Armless Reclining Chair with LED,22 x 40.5 x 39H,8480GRY-PW Sectional
8480GRY-CR,Corner Seat,68.5 x 43 x 39H,8480GRY-PW Sectional
8480GRY-2LCN,Left Side Reclining Love Seat with Center Console,69 x 40.5 x 39H,8480GRY Sectional
8480GRY-2R,Right Side Reclining Love Seat,59.5 x 40.5 x 39H,8480GRY Sectional
8480GRY-AR,Armless Reclining Chair,22 x 40.5 x 39H,8480GRY Sectional
8480GRY-CR,Corner Seat,68.5 x 43 x 39H,8480GRY Sectional
8480RED-3PW,POWER Double Reclining Sofa,88 x 40 x 39H,8480RED
8480RED-3,Double Reclining Sofa,88 x 40 x 39H,8480RED
8480RED-2PW,Double Reclining Love Seat,65 x 40 x 39H,8480RED
8480RED-2,Double Reclining Love Seat,65 x 40 x 39H,8480RED
8480RED-1PW,POWER Reclining Chair,42 x 40 x 39H,8480RED
8480RED-1,Glider Reclining Chair,42 x 40 x 39H,8480RED
8480RED-2LCNPD,POWER Left Side Reclining Love Seat with Center Console and LED,69 x 40.5 x 39H,8480RED-PW Sectional
8480RED-2RPD,POWER Right Side Reclining Love Seat with LED,59.5 x 40.5 x 39H,8480RED-PW Sectional
8480RED-ARPD,POWER Armless Reclining Chair with LED,22 x 40.5 x 39H,8480RED-PW Sectional
8480RED-CR,Corner Seat,68.5 x 43 x 39H,8480RED-PW Sectional
8480RED-2LCN,Left Side Reclining Love Seat with Center Console,69 x 40.5 x 39H,8480RED Sectional
8480RED-2R,Right Side Reclining Love Seat,59.5 x 40.5 x 39H,8480RED Sectional
8480RED-AR,Armless Reclining Chair,22 x 40.5 x 39H,8480RED Sectional
8480RED-CR,Corner Seat,68.5 x 43 x 39H,8480RED Sectional
8490FBR-AC,Armless Chair,31 x  39 x 40H,8490FBR
8490FBR-AR,Armless Reclining Chair,31 x  39 x 40H,8490FBR
8490FBR-CN,Console,13 x  39 x 40H,8490FBR
8490FBR-CR,Corner Seat,65 x 40 x 40H,8490FBR
8490FBR-LC,"Left Side Chaise, Push Back Recliner",39 x 65 x 40H,8490FBR
8490FBR-LR,Left Side Reclining Chair,39 x 39 x 40H,8490FBR
8490FBR-RC,"Right Side Chaise, Push Back Recliner",39 x 65 x 40H,8490FBR
8490FBR-RR,Right Side Reclining Chair,39 x 39 x 40H,8490FBR
8490-AC,Armless Chair,31 x 39 x 40H,8490 Sectional
8490-AR,Armless Reclining Chair,31 x 39 x 40H,8490 Sectional
8490-CN,Console,13 x 39 x 40H,8490 Sectional
8490-CR,Corner Seat,65 x 40 x 40H,8490 Sectional
8490-LC,"Left Side Chaise, Push Back Recliner",39 x 65 x 40H,8490 Sectional
8490-LR,Left Side Reclining Chair,39 x 39 x 40H,8490 Sectional
8490-RC,"Right Side Chaise, Push Back Recliner",39 x 65 x 40H,8490 Sectional
8490-RR,Right Side Reclining Chair,39 x 39 x 40H,8490 Sectional
8500BLK-3,Double Reclining Sofa,84 x 37 x 40H,8500BLK
8500BLK-2,Double Reclining Love Seat,63 x 37 x 40H,8500BLK
8500BLK-1,Reclining Chair,40 x 37 x 40H,8500BLK
8507BE-3,Sofa,74.5 x 38 x 30.25H,8507BE
8507BE-1,Chair,38 x 38 x 30.25H,8507BE
8509-1LT,POWER Lift Chair,31 x 35.5 x 41H,8509-1LT
8511BK-3,Sofa,86 x 36 x 39H,8511BK
8511BK-2,Love Seat,64 x 36 x 39H,8511BK
8511BK-1,Chair,45 x 36 x 39H,8511BK
8511TP-3,Sofa,86 x 36 x 39H,8511TP
8511TP-2,Love Seat,64 x 36 x 39H,8511TP
8511TP-1,Chair,45 x 36 x 39H,8511TP
8518-3,Sofa,78 x 33 x 32.5H,8518
8518-2,Love Seat,56 x 33 x 32.5H,8518
8518-1,Chair,33 x 33 x 32.5H,8518
8524BK-3,Double Reclining Sofa,86 x 36.5 x 40.5 - 46.5H,8524BK
8524BK-2,Double Glider Reclining Love Seat with Center Console,77 x 36.5 x 40.5 - 46.5H,8524BK
8524BK-1,Glider Reclining Chair,39 x 36.5 x 40.5 - 46.5H,8524BK
8524RD-3,Double Reclining Sofa,86 x 36.5 x 40.5 - 46.5H,8524RD
8524RD-2,Double Glider Reclining Love Seat with Center Console,77 x 36.5 x 40.5 - 46.5H,8524RD
8524RD-1,Glider Reclining Chair,39 x 36.5 x 40.5 - 46.5H,8524RD
8545-1LT,POWER Lift Chair,30.75 x 37.5 x 41H,8545-1LT
8548BLK-1,Swivel Reclining Chair with Ottoman,Chair: 32 x 35.5 x 43H,8548BLK-1
8548BRW-1,Swivel Reclining Chair with Ottoman,Chair: 32 x 35.5 x 43H,8548BRW-1
8555BLK-1,Swivel Reclining Chair with Ottoman,Chair: 25 x 28.5 x 45H,8555BLK-1
8555WHT-1,Swivel Reclining Chair with Ottoman,Chair: 25 x 28.5 x 45H,8555WHT-1
8579DB-3,Sofa,85.75 x 35 x 36.25H,8579DB
8579DB-2,Love Seat,63 x 35 x 36.25H,8579DB
8579DB-1,Chair,40.25 x 35 x 36.25H,8579DB
9600-2L,Left Side Double Reclining Love Seat with Console,70 x 37 x 39H,9600 Sectional
9600-CR,Corner Seat,63 x 40.5 x 39H,9600 Sectional
9600-AC,Armless Chair,23 x 37 x 39H,9600 Sectional
9600-2R,Right Side Reclining Love Seat,57 x 37 x 39H,9600 Sectional
9603BLK-3,Sofa,86 x 40 x 30 - 38H,9603BLK
9603BLK-2,Love Seat,70 x 40 x 30 - 38H,9603BLK
9603BLK-1,Chair,48 x 40 x 30 - 38H,9603BLK
9603WHT-3,Sofa,86 x 40 x 30 - 38H,9603WHT
9603WHT-2,Love Seat,70 x 40 x 30 - 38H,9603WHT
9603WHT-1,Chair,48 x 40 x 30 - 38H,9603WHT
9616BRW-3,Sofa,86 x 37 x 38H,9616BRW
9616BRW-2,Love Seat,63 x 37 x 38H,9616BRW
9616BRW-1,Chair,42 x 37 x 38H,9616BRW
9616CN-3,Sofa,86 x 37 x 38H,9616CN
9616CN-2,Love Seat,63 x 37 x 38H,9616CN
9616CN-1,Chair,42 x 37 x 38H,9616CN
9619DB-3,Sofa,90 x 36 x 37H,9619DB
9619DB-2,Love Seat,70 x 36 x 37H,9619DB
9619DB-1,Chair,47 x 36 x 37H,9619DB
9636-3,Double Reclining Sofa,90 x 40 x 40H,9636
9636-2,Double Glider Reclining Love Seat with Center Console,79 x 40 x 40H,9636
9636-1,Glider Reclining Chair,43 x 40 x 40H,9636
9636CC-3,Double Reclining Sofa,90 x 40 x 40H,9636CC
9636CC-2,Double Glider Reclining Love Seat with Center Console,79 x 40 x 40H,9636CC
9636CC-1,Glider Reclining Chair,43 x 40 x 40H,9636CC
9639-3,Sofa,79 x 33 x 35H,9639
9639-2,Love Seat,57 x 33 x 35H,9639
9639-1,Chair,36 x 33 x 35H,9639
9668BLK-3PW,POWER Double Reclining Sofa,90 x 38.5 x 40H,9668BLK
9668BLK-3,Double Reclining Sofa,90 x 38.5 x 40H,9668BLK
9668BLK-2PW,POWER Double Reclining Love Seat with Center Console,83 x 38.5 x 40H,9668BLK
9668BLK-2,Double Glider Reclining Love Seat with Center Console,83 x 38.5 x 40H,9668BLK
9668BLK-1PW,POWER Reclining Chair,42 x 38.5 x 40H,9668BLK
9668BLK-1,Glider Reclining Chair,42 x 38.5 x 40H,9668BLK
9668BRW-1PW,POWER Reclining Chair,42 x 38.5 x 40H,9668BRW
9668BRW-1,Glider Reclining Chair,42 x 38.5 x 40H,9668BRW
9668BRW-2,Double Glider Reclining Love Seat with Center Console,83 x 38.5 x 40H,9668BRW
9668BRW-3PW,POWER Double Reclining Sofa,90 x 38.5 x 40H,9668BRW
9668BRW-3,Double Reclining Sofa,90 x 38.5 x 40H,9668BRW
9668BRW-2PW,POWER Double Reclining Love Seat with Center Console,83 x 38.5 x 40H,9668BRW
9668NDB-3,Double Reclining Sofa,90 x 38.5 x 40H,9668NDB
9668NDB-2,Double Glider Reclining Love Seat with Center Console,83 x 38.5 x 40H,9668NDB
9668NDB-1,Glider Reclining Chair,42 x 38.5 x 40H,9668NDB
9668NSD-3,Double Reclining Sofa,90 x 38.5 x 40H,9668NSD
9668NSD-2,Double Glider Reclining Love Seat with Center Console,83 x 38.5 x 40H,9668NSD
9668NSD-1,Glider Reclining Chair,42 x 38.5 x 40H,9668NSD
9669FCP-AC,Armless Chair,22 x 37 x 39H,9669FCP
9669FCP-CN,Console,13 x 37 x 39H,9669FCP
9669FCP-CR,Corner Seat,62 x 37 x 39H,9669FCP
9669FCP-LL,Left Side Reclining Love Seat with Console,67 x 37 x 39H,9669FCP
9669FCP-RC,Right Side Reclining Chaise,32 x 59 x 39H,9669FCP
9700BLK-3PW,POWER Double Reclining Sofa,83 x 37.5 x 38.5H,9700BLK
9700BLK-3,Double Reclining Sofa,83 x 37.5 x 38.5H,9700BLK
9700BLK-2PW,POWER Double Reclining Love Seat,62 x 37.5 x 38.5H,9700BLK
9700BLK-2,Double Reclining Love Seat,62 x 37.5 x 38.5H,9700BLK
9700BLK-1PW,POWER Reclining Chair,38 x 37.5 x 38.5H,9700BLK
9700BLK-1,Reclining Chair,38 x 37.5 x 38.5H,9700BLK
9700BRW-3PW,POWER Double Reclining Sofa,83 x 37.5 x 38.5H,9700BRW
9700BRW-3,Double Reclining Sofa,83 x 37.5 x 38.5H,9700BRW
9700BRW-2PW,POWER Double Reclining Love Seat,62 x 37.5 x 38.5H,9700BRW
9700BRW-2,Double Reclining Love Seat,62 x 37.5 x 38.5H,9700BRW
9700BRW-1PW,POWER Reclining Chair,38 x 37.5 x 38.5H,9700BRW
9700BRW-1,Reclining Chair,38 x 37.5 x 38.5H,9700BRW
9700FCP-3PW,POWER Double Reclining Sofa,83 x 37.5 x 38.5H,9700FCP
9700FCP-3,Double Reclining Sofa,83 x 37.5 x 38.5H,9700FCP
9700FCP-2PW,POWER Double Reclining Love Seat,62 x 37.5 x 38.5H,9700FCP
9700FCP-2,Double Reclining Love Seat,62 x 37.5 x 38.5H,9700FCP
9700FCP-1PW,POWER Reclining Chair,38 x 37.5 x 38.5H,9700FCP
9700FCP-1,Reclining Chair,38 x 37.5 x 38.5H,9700FCP
9701BLK-3,Sofa,82 x 32 x 34.5H,9701BLK
9701BLK-2,Love Seat,60 x 32 x 34.5H,9701BLK
9701BLK-1,Chair,37 x 32 x 34.5H,9701BLK
9715PU-3,Sofa,79.5 x 33 x 38H,9715PU
9715PU-2,Love Seat,60 x 33 x 38H,9715PU
9715PU-1,Chair,38 x 33 x 38H,9715PU
9723-3,Double Reclining Sofa,86.5 x 41 x 39H,9723
9723-2,Double Reclining Love Seat,70.5 x 41 x 39H,9723
9723-1,Glider Reclining Chair,46.5 x 41 x 39H,9723
9724BLK-3,Double Reclining Sofa with Center Drop-Down Cup Holders,88 x 38.5 x 39.5H,9724BLK
9724BLK-2,Double Glider Reclining Love Seat with Center Console,77 x 38.5 x 39.5H,9724BLK
9724BLK-1,Glider Reclining Chair,40.5 x 38.5 x 39.5H,9724BLK
9724BRW-3,Double Reclining Sofa with Center Drop-Down Cup Holders,88 x 38.5 x 39.5H,9724BRW
9724BRW-2,Double Glider Reclining Love Seat with Center Console,77 x 38.5 x 39.5H,9724BRW
9724BRW-1,Glider Reclining Chair,40.5 x 38.5 x 39.5H,9724BRW
9734BK-3,Sofa,84.25 x 36 x 36.5H,9734BK
9734BK-2,Love Seat,63 x 36 x 36.5H,9734BK
9734BK-1,Chair,40.5 x 36 x 36.5H,9734BK
9734BR-1,Chair,40.5 x 36 x 36.5H,9734BR
9734BR-3,Sofa,84.25 x 36 x 36.5H,9734BR
9734BR-2,Love Seat,63 x 36 x 36.5H,9734BR
9734CH-3,Sofa,84.25 x 36 x 36.5H,9734CH
9734CH-2,Love Seat,63 x 36 x 36.5H,9734CH
9734CH-1,Chair,40.5 x 36 x 36.5H,9734CH
9734DB-3,Sofa,84.25 x 36 x 36.5H,9734DB
9734DB-2,Love Seat,63 x 36 x 36.5H,9734DB
9734DB-1,Chair,40.5 x 36 x 36.5H,9734DB
9734TP-3,Sofa,84.25 x 36 x 36.5H,9734TP
9734TP-2,Love Seat,63 x 36 x 36.5H,9734TP
9734TP-1,Chair,40.5 x 36 x 36.5H,9734TP
9739-L,Left Side 2-Seater,70 x 39.5 x 40H,9739
9739-R,Right Side Chaise,38 x 69 x 40H,9739
9739-4,Ottoman,67 x 29.5 x 22.5H,9739
9739CH-L,Left Side 2-Seater,70 x 39.5 x 40H,9739CH
9739CH-R,Right Side Chaise,38 x 69 x 40H,9739CH
9739CH-4,Ottoman,67 x 29.5 x 22.5H,9739CH
